"OldName","NewName"
"CatchNowCount","catchNowCount"
"FeverFlag","feverFlag"
"GameFinishFlag","gameFinishFlag"
"m_Num","num"
"m_PhaseChangeCount","phaseChangeCount"
"m_PhaseTimer","phaseTimer"
"mActionTimer","actionTimer"
"mActive","active"
"mAnimals","animals"
"mAutoPatrolTimer","autoPatrolTimer"
"mbBaitFlag","baitFlag"
"mbDeleteFlag","deleteFlag"
"mbDrawFlag","drawFlag"
"mbFlag","flag"
"mbIsDebugCamera","isDebugCamera"
"mbIsDraggingUfo","isDraggingUfo"
"mbIsHoverNewGame","isHoverNewGame"
"mbIsPhaseCameraActive","isPhaseCameraActive"
"mbIsVisible","isVisible"
"mbLoop","loop"
"mbLoopFinish","loopFinish"
"mbSkillFlag","skillFlag"
"mbStopFlag","stopFlag"
"mButtons","buttons"
"mbVacuumFlag","vacuumFlag"
"mCard1Y","card1Y"
"mCard2Y","card2Y"
"mCard3Y","card3Y"
"mColliderList","colliderList"
"mColliderRadius","colliderRadius"
"mCollisionList","collisionList"
"mCows","cows"
"mCowtDelete","cowtDelete"
"mCowVoiceTimer","cowVoiceTimer"
"mCurrentPhase","currentPhase"
"mCurrentRadius","currentRadius"
"mCurrentScaleRatio","currentScaleRatio"
"mCurrentState","currentState"
"mData","gameStepDataList"
"mDeleteFlag","deleteFlag"
"mDownBuffer","downBuffer"
"mEffectTimer","effectTimer"
"mFadeState","fadeState"
"mfAngle","angle"
"mfAnimationCount","animationCount"
"mfAnimationTime","animationTime"
"mfAnimBlendRate","animBlendRate"
"mfAttack_Speed","attack_Speed"
"mfCurrentCameraDistance","currentCameraDistance"
"mfDeltaTime","deltaTime"
"mfFadeAlpha","fadeAlpha"
"mfFadeSpeed","fadeSpeed"
"mfHorizontalAngle","horizontalAngle"
"mfHp","hp"
"mFlag","flag"
"mFlash","flash"
"mFlashAlpha","flashAlpha"
"mfLoop","loop"
"mfMaxXp","maxXp"
"mfOldAnimationTime","oldAnimationTime"
"mFontBackGraph","fontBackGraph"
"mFontHandle","fontHandle"
"mfRadius","radius"
"mFrameCount","frameCount"
"mfScale","scale"
"mfScore","score"
"mfShakeAngle","shakeAngle"
"mfShakeAngleSpeed","shakeAngleSpeed"
"mfShakeTime","shakeTime"
"mfShakeTimeCounter","shakeTimeCounter"
"mfShakeWidth","shakeWidth"
"mfSpeed","speed"
"mfStepTime","stepTime"
"mfTargetAngle","targetAngle"
"mfVerticalAngle","verticalAngle"
"mfXp","xp"
"mGauge","gauge"
"mHasStunned","hasStunned"
"mHoverSkill","hoverSkill"
"mIntervalTimer","intervalTimer"
"mIsAutoPatrol","isAutoPatrol"
"mIsCowInVacuumRange","isCowInVacuumRange"
"mIsCowSucked","isCowSucked"
"mIsCrisis","isCrisis"
"mIsFever","isFever"
"mIsOutOfBounds","isOutOfBounds"
"mIsStunned","isStunned"
"mIsVacuumActive","isVacuumActive"
"mLastTime","lastTime"
"mMassSpawnTimer","massSpawnTimer"
"mMasterBGMVolume","masterBGMVolume"
"mMasterSEVolume","masterSEVolume"
"mMouseX","currentMouseX"
"mMouseY","currentMouseY"
"mMoveTimer","moveTimer"
"mnAnimationHandle","animationHandle"
"mnAnimationIndex","animationIndex"
"mnBgmHandleList","bgmHandleList"
"mnCaughtCowCount","caughtCowCount"
"mnChangeTextureHandle","changeTextureHandle"
"mnCollisionHandle","collisionHandle"
"mnCount","count"
"mNewGameH","newGameH"
"mNewGameW","newGameW"
"mNewGameX","newGameX"
"mNewGameY","newGameY"
"mNextScene","nextScene"
"mnFever","fever"
"mnGraphHandle","graphHandle"
"mnHandle","handle"
"mnLighGraph","lighGraph"
"mnLoopFinishState","loopFinishState"
"mnModelHandle","modelHandle"
"mnNewGame","newGame"
"mnNextSceneType","nextSceneType"
"mnNowLevel","nowLevel"
"mnNowPlayingBgm","nowPlayingBgm"
"mnNowPlayingSe","nowPlayingSe"
"mnOldAnimationIndex","oldAnimationIndex"
"mnOperationProcedures","operationProcedures"
"mnSceneType","sceneType"
"mnSeHandleList","seHandleList"
"mnShakeTime","shakeTimeFrames"
"mnShakeTimeCount","shakeTimeCount"
"mnSizeX","sizeX"
"mnSizeY","sizeY"
"mnState","state"
"mnTag","tag"
"mnTitleGraphHandle","titleGraphHandle"
"mnTitleSelect","titleSelect"
"mnTransFlag","transFlag"
"mnTutorial","tutorial"
"mnTutorialcount","tutorialCount"
"mnType","type"
"mnUfoGraphHandle","ufoGraphHandle"
"mObject2DList","object2DList"
"mObject3DList","object3DList"
"mOffsetX","offsetX"
"mOffsetY","offsetY"
"mOpenAnim","openAnim"
"mpAnimalManager","animalManager"
"mpBeam","beam"
"mpCamera","camera"
"mpCapsuleCollider","capsuleCollider"
"mpColliderManager","colliderManager"
"mpCombo","combo"
"mpCowManager","cowManager"
"mpCowVm","cowVm"
"mpCurrentScene","currentScene"
"mpCurrentState","characterState"
"mpDebugCamera","debugCamera"
"mpEffectManager","effectManager"
"mpFever","fever"
"mpFeverPlayer","feverPlayer"
"mpGameManager","gameManager"
"mpGameTimer","gameTimer"
"mPlaySeDelay","playSeDelay"
"mpLevel","level"
"mpModel","model"
"mpObjectManager","objectManager"
"mPools","pools"
"mPos","pos"
"mPos1","pos1"
"mPos2","pos2"
"mPos3","pos3"
"mpParent","parent"
"mpParentObject","parentObject"
"mpPhase","phase"
"mpResourceManager","resourceManager"
"mPrevMouseX","prevMouseX"
"mPrevMouseY","prevMouseY"
"mpSceneManager","sceneManager"
"mpScore","score"
"mpSkill","skill"
"mpSoundManager","soundManager"
"mpSpeed","speedEffect"
"mpStun","stun"
"mpTarget","target"
"mpTargetPlayer","targetPlayer"
"mpTexture","texture"
"mpTexture2","texture2"
"mpTexture3","texture3"
"mpTexture4","texture4"
"mpTexture5","texture5"
"mpTexture6","texture6"
"mpThunder","thunder"
"mpWarning","warning"
"mRuleGraph","ruleGraph"
"mSceneFrames","sceneFrames"
"mScore","score"
"mSelectAnim","selectAnim"
"mSelectedIndex","selectedIndex"
"mSelectedSkill","selectedSkill"
"mSelectPos","selectPos"
"mSelectScale","selectScale"
"mSpeed","speed"
"mState","state"
"mStrikeTimer","strikeTimer"
"mStunEffectTimer","stunEffectTimer"
"mStunTimer","stunTimer"
"mTagCache2D","tagCache2D"
"mTagCache3D","tagCache3D"
"mTatumakiSpawnTimer","tatumakiSpawnTimer"
"mTimer","timer"
"mTitleFontHandle","titleFontHandle"
"mUfoAngle","ufoAngle"
"mUfoH","ufoH"
"mUfoVX","ufoVX"
"mUfoVY","ufoVY"
"mUfoW","ufoW"
"mUfoX","ufoX"
"mUfoY","ufoY"
"mVacuumGauge","vacuumGauge"
"mVacuumTimer","vacuumTimer"
"mVelocity","velocity"
"mVertex","vertex"
"mWarningTimer","warningTimer"
"SelectSkill","selectSkill"
"TrueFlag","trueFlag"
"TutrialVacumFlag","tutorialVacuumFlag"

"mfever","fever"

"Tag_fever","TagFever"

"Cow_gold::fever","Cow_gold::Fever"

"Nofever","NoFever"

"mFever","feverTag"
